DateTime,Unix Epoch Time(Seconds),Price
11/16/2019 18:00,1573948800,8482.7
11/17/2019 18:00,1574035200,8503.93
11/18/2019 18:00,1574121600,8175.99
11/19/2019 18:00,1574208000,8120.8
11/20/2019 18:00,1574294400,8081.81
11/21/2019 18:00,1574380800,7617.07
11/22/2019 18:00,1574467200,7286.35
11/23/2019 18:00,1574553600,7324.03
11/24/2019 18:00,1574640000,6907.4
11/25/2019 18:00,1574726400,7130.25
11/26/2019 18:00,1574812800,7163.63
11/27/2019 18:00,1574899200,7523.83
11/28/2019 18:00,1574985600,7431
11/29/2019 18:00,1575072000,7757.47
11/30/2019 18:00,1575158400,7557.72
12/1/2019 18:00,1575244800,7402.69
12/2/2019 18:00,1575331200,7309.59
12/3/2019 18:00,1575417600,7296.77
12/4/2019 18:00,1575504000,7192.85
12/5/2019 18:00,1575590400,7395.97
12/6/2019 18:00,1575676800,7547.19
12/7/2019 18:00,1575763200,7504.83
12/8/2019 18:00,1575849600,7522.39
12/9/2019 18:00,1575936000,7337.42
12/10/2019 18:00,1576022400,7220.76
12/11/2019 18:00,1576108800,7202.31
12/12/2019 18:00,1576195200,7189.16
12/13/2019 18:00,1576281600,7251.87
12/14/2019 18:00,1576368000,7067.74
12/15/2019 18:00,1576454400,7111.14
12/16/2019 18:00,1576540800,6879.54
12/17/2019 18:00,1576627200,6612.12
12/18/2019 18:00,1576713600,7284.29
12/19/2019 18:00,1576800000,7150.86
12/20/2019 18:00,1576886400,7190.17
12/21/2019 18:00,1576972800,7143.2
12/22/2019 18:00,1577059200,7514.41
12/23/2019 18:00,1577145600,7322.08
12/24/2019 18:00,1577232000,7250.69
12/25/2019 18:00,1577318400,7192.72
12/26/2019 18:00,1577404800,7194.4
12/27/2019 18:00,1577491200,7243.93
12/28/2019 18:00,1577577600,7301.07
12/29/2019 18:00,1577664000,7385.36
12/30/2019 18:00,1577750400,7219.6
12/31/2019 18:00,1577836800,7168.31
1/1/2020 18:00,1577923200,7175.68
1/2/2020 18:00,1578009600,6944.33
1/3/2020 18:00,1578096000,7326.35
1/4/2020 18:00,1578182400,7347.89
1/5/2020 18:00,1578268800,7351.57
1/6/2020 18:00,1578355200,7759.24
1/7/2020 18:00,1578441600,8165.47
1/8/2020 18:00,1578528000,8042.65
1/9/2020 18:00,1578614400,7817.92
1/10/2020 18:00,1578700800,8184.66
1/11/2020 18:00,1578787200,8021.49
1/12/2020 18:00,1578873600,8173.97
1/13/2020 18:00,1578960000,8105.24
1/14/2020 18:00,1579046400,8842.42
1/15/2020 18:00,1579132800,8813.89
1/16/2020 18:00,1579219200,8722.03
1/17/2020 18:00,1579305600,8900.34
1/18/2020 18:00,1579392000,8910.85
1/19/2020 18:00,1579478400,8703.36
1/20/2020 18:00,1579564800,8626.47
1/21/2020 18:00,1579651200,8722.26
1/22/2020 18:00,1579737600,8658.94
1/23/2020 18:00,1579824000,8388.11
1/24/2020 18:00,1579910400,8428.17
1/25/2020 18:00,1579996800,8327.36
1/26/2020 18:00,1580083200,8588.42
1/27/2020 18:00,1580169600,8895.78
1/28/2020 18:00,1580256000,9385.69
1/29/2020 18:00,1580342400,9279.81
1/30/2020 18:00,1580428800,9502.37
1/31/2020 18:00,1580515200,9333.77
2/1/2020 18:00,1580601600,9378.09
2/2/2020 18:00,1580688000,9314.56
2/3/2020 18:00,1580774400,9284.51
2/4/2020 18:00,1580860800,9162.14
2/5/2020 18:00,1580947200,9614.9
2/6/2020 18:00,1581033600,9755.66
2/7/2020 18:00,1581120000,9807.54
2/8/2020 18:00,1581206400,9907.12
2/9/2020 18:00,1581292800,10162.41
2/10/2020 18:00,1581379200,9854.79
2/11/2020 18:00,1581465600,10275.38
2/12/2020 18:00,1581552000,10354.3
2/13/2020 18:00,1581638400,10242.43
2/14/2020 18:00,1581724800,10368.53
2/15/2020 18:00,1581811200,9904.17
2/16/2020 18:00,1581897600,9937.67
2/17/2020 18:00,1581984000,9703.93
2/18/2020 18:00,1582070400,10180.65
2/19/2020 18:00,1582156800,9604.72
2/20/2020 18:00,1582243200,9606.86
2/21/2020 18:00,1582329600,9696.58
2/22/2020 18:00,1582416000,9669.63
2/23/2020 18:00,1582502400,9989.39
2/24/2020 18:00,1582588800,9663.75
2/25/2020 18:00,1582675200,9309.15
2/26/2020 18:00,1582761600,8785.52
2/27/2020 18:00,1582848000,8804.72
2/28/2020 18:00,1582934400,8712.35
2/29/2020 18:00,1583020800,8531.42
3/1/2020 18:00,1583107200,8534.17
3/2/2020 18:00,1583193600,8912.82
3/3/2020 18:00,1583280000,8754.34
3/4/2020 18:00,1583366400,8758.9
3/5/2020 18:00,1583452800,9067.39
3/6/2020 18:00,1583539200,9155.89
3/7/2020 18:00,1583625600,8898.63
3/8/2020 19:00,1583712000,8039.38
3/9/2020 19:00,1583798400,7931.94
3/10/2020 19:00,1583884800,7885.46
3/11/2020 19:00,1583971200,7936.65
3/12/2020 19:00,1584057600,4830.21
3/13/2020 19:00,1584144000,5609.03
3/14/2020 19:00,1584230400,5166.26
3/15/2020 19:00,1584316800,5348.44
3/16/2020 19:00,1584403200,5026.35
3/17/2020 19:00,1584489600,5357.61
3/18/2020 19:00,1584576000,5410.23
3/19/2020 19:00,1584662400,6195.2
3/20/2020 19:00,1584748800,6226.44
3/21/2020 19:00,1584835200,6189.85
3/22/2020 19:00,1584921600,5822.62
3/23/2020 19:00,1585008000,6502.16
3/24/2020 19:00,1585094400,6768.49
3/25/2020 19:00,1585180800,6698.46
3/26/2020 19:00,1585267200,6763.75
3/27/2020 19:00,1585353600,6369.09
3/28/2020 19:00,1585440000,6260.95
3/29/2020 19:00,1585526400,5885.41
3/30/2020 19:00,1585612800,6405.29
3/31/2020 19:00,1585699200,6428.28
4/1/2020 19:00,1585785600,6652.87
4/2/2020 19:00,1585872000,6809.11
4/3/2020 19:00,1585958400,6741.67
4/4/2020 19:00,1586044800,6871.69
4/5/2020 19:00,1586131200,6777.44
4/6/2020 19:00,1586217600,7343.2
4/7/2020 19:00,1586304000,7205.55
4/8/2020 19:00,1586390400,7365.03
4/9/2020 19:00,1586476800,7293.69
4/10/2020 19:00,1586563200,6873.24
4/11/2020 19:00,1586649600,6891.6
4/12/2020 19:00,1586736000,6915.37
4/13/2020 19:00,1586822400,6857.66
4/14/2020 19:00,1586908800,6871.95
4/15/2020 19:00,1586995200,6623.8
4/16/2020 19:00,1587081600,7112.27
4/17/2020 19:00,1587168000,7034.89
4/18/2020 19:00,1587254400,7259.36
4/19/2020 19:00,1587340800,7130.04
4/20/2020 19:00,1587427200,6840.24
4/21/2020 19:00,1587513600,6852.52
4/22/2020 19:00,1587600000,7130.99
4/23/2020 19:00,1587686400,7477.6
4/24/2020 19:00,1587772800,7507.08
4/25/2020 19:00,1587859200,7549.52
4/26/2020 19:00,1587945600,7699.27
4/27/2020 19:00,1588032000,7790.66
4/28/2020 19:00,1588118400,7765.33
4/29/2020 19:00,1588204800,8777.63
4/30/2020 19:00,1588291200,8628.77
5/1/2020 19:00,1588377600,8824.66
5/2/2020 19:00,1588464000,8973.82
5/3/2020 19:00,1588550400,8903.95
5/4/2020 19:00,1588636800,8885.93
5/5/2020 19:00,1588723200,9030.96
5/6/2020 19:00,1588809600,9170.79
5/7/2020 19:00,1588896000,10002.48
5/8/2020 19:00,1588982400,9821.8
5/9/2020 19:00,1589068800,9527.39
5/10/2020 19:00,1589155200,8754.46
5/11/2020 19:00,1589241600,8617.25
5/12/2020 19:00,1589328000,8814.53
5/13/2020 19:00,1589414400,9305.93
5/14/2020 19:00,1589500800,9790.31
5/15/2020 19:00,1589587200,9303.59
5/16/2020 19:00,1589673600,9385.7
5/17/2020 19:00,1589760000,9669.4
5/18/2020 19:00,1589846400,9719.37
5/19/2020 19:00,1589932800,9785.74
5/20/2020 19:00,1590019200,9510.67
5/21/2020 19:00,1590105600,9057.57
5/22/2020 19:00,1590192000,9167.26
5/23/2020 19:00,1590278400,9178.32
5/24/2020 19:00,1590364800,8730.73
5/25/2020 19:00,1590451200,8899.66
5/26/2020 19:00,1590537600,8842.85
5/27/2020 19:00,1590624000,9197.54
5/28/2020 19:00,1590710400,9569.21
5/29/2020 19:00,1590796800,9425.98
5/30/2020 19:00,1590883200,9698.1
5/31/2020 19:00,1590969600,9450.84
6/1/2020 19:00,1591056000,10204.23
6/2/2020 19:00,1591142400,9525.57
6/3/2020 19:00,1591228800,9658.04
6/4/2020 19:00,1591315200,9794.56
6/5/2020 19:00,1591401600,9623.75
6/6/2020 19:00,1591488000,9670.43
6/7/2020 19:00,1591574400,9753.85
6/8/2020 19:00,1591660800,9782.59
6/9/2020 19:00,1591747200,9775.15
6/10/2020 19:00,1591833600,9892.13
6/11/2020 19:00,1591920000,9286.42
6/12/2020 19:00,1592006400,9459.97
6/13/2020 19:00,1592092800,9473.5
6/14/2020 19:00,1592179200,9330.07
6/15/2020 19:00,1592265600,9426.7
6/16/2020 19:00,1592352000,9526
6/17/2020 19:00,1592438400,9454.81
6/18/2020 19:00,1592524800,9380.03
6/19/2020 19:00,1592611200,9300.15
6/20/2020 19:00,1592697600,9357.43
6/21/2020 19:00,1592784000,9284.78
6/22/2020 19:00,1592870400,9691.9
6/23/2020 19:00,1592956800,9621.49
6/24/2020 19:00,1593043200,9276.58
6/25/2020 19:00,1593129600,9240.85
6/26/2020 19:00,1593216000,9154.45
6/27/2020 19:00,1593302400,9004.23
6/28/2020 19:00,1593388800,9127.47
6/29/2020 19:00,1593475200,9185.35
6/30/2020 19:00,1593561600,9133.97
7/1/2020 19:00,1593648000,9236.38
7/2/2020 19:00,1593734400,9087.98
7/3/2020 19:00,1593820800,9072.42
7/4/2020 19:00,1593907200,9131.31
7/5/2020 19:00,1593993600,9089.09
7/6/2020 19:00,1594080000,9348.91
7/7/2020 19:00,1594166400,9256.23
7/8/2020 19:00,1594252800,9440.07
7/9/2020 19:00,1594339200,9238.04
7/10/2020 19:00,1594425600,9287.4
7/11/2020 19:00,1594512000,9235.96
7/12/2020 19:00,1594598400,9295.9
7/13/2020 19:00,1594684800,9238.13
7/14/2020 19:00,1594771200,9254.52
7/15/2020 19:00,1594857600,9193.51
7/16/2020 19:00,1594944000,9131
7/17/2020 19:00,1595030400,9154.19
7/18/2020 19:00,1595116800,9174.71
7/19/2020 19:00,1595203200,9214.66
7/20/2020 19:00,1595289600,9163.87
7/21/2020 19:00,1595376000,9392.66
7/22/2020 19:00,1595462400,9537.4
7/23/2020 19:00,1595548800,9613.11
7/24/2020 19:00,1595635200,9551.28
7/25/2020 19:00,1595721600,9707.5
7/26/2020 19:00,1595808000,9938.83
7/27/2020 19:00,1595894400,11042.4
7/28/2020 19:00,1595980800,10934.94
7/29/2020 19:00,1596067200,11102.67
7/30/2020 19:00,1596153600,11114.93
7/31/2020 19:00,1596240000,11343.88
8/1/2020 19:00,1596326400,11823.69
8/2/2020 19:00,1596412800,11077.77
8/3/2020 19:00,1596499200,11242.57
8/4/2020 19:00,1596585600,11194.25
8/5/2020 19:00,1596672000,11750.28
8/6/2020 19:00,1596758400,11772.94
8/7/2020 19:00,1596844800,11605.6
8/8/2020 19:00,1596931200,11767.6
8/9/2020 19:00,1597017600,11684.06
8/10/2020 19:00,1597104000,11893.03
8/11/2020 19:00,1597190400,11392.43
8/12/2020 19:00,1597276800,11573.11
8/13/2020 19:00,1597363200,11777.43
8/14/2020 19:00,1597449600,11774.38
8/15/2020 19:00,1597536000,11873.98
8/16/2020 19:00,1597622400,11914.01
8/17/2020 19:00,1597708800,12293.72
8/18/2020 19:00,1597795200,11969.53
8/19/2020 19:00,1597881600,11734
8/20/2020 19:00,1597968000,11865.82
8/21/2020 19:00,1598054400,11522.8
8/22/2020 19:00,1598140800,11683.44
8/23/2020 19:00,1598227200,11653.02
8/24/2020 19:00,1598313600,11763.93
8/25/2020 19:00,1598400000,11337.4
8/26/2020 19:00,1598486400,11467.37
8/27/2020 19:00,1598572800,11302.01
8/28/2020 19:00,1598659200,11534.75
8/29/2020 19:00,1598745600,11481.64
8/30/2020 19:00,1598832000,11707.78
8/31/2020 19:00,1598918400,11659.57
9/1/2020 19:00,1599004800,11923.25
9/2/2020 19:00,1599091200,11397.44
9/3/2020 19:00,1599177600,10187.51
9/4/2020 19:00,1599264000,10467.89
9/5/2020 19:00,1599350400,10159.62
9/6/2020 19:00,1599436800,10254.93
9/7/2020 19:00,1599523200,10367.74
9/8/2020 19:00,1599609600,10121.52
9/9/2020 19:00,1599696000,10227.83
9/10/2020 19:00,1599782400,10352.66
9/11/2020 19:00,1599868800,10395.44
9/12/2020 19:00,1599955200,10446.44
9/13/2020 19:00,1600041600,10330.77
9/14/2020 19:00,1600128000,10674.64
9/15/2020 19:00,1600214400,10785.62
9/16/2020 19:00,1600300800,10948.43
9/17/2020 19:00,1600387200,10943.89
9/18/2020 19:00,1600473600,10931.79
9/19/2020 19:00,1600560000,11081.43
9/20/2020 19:00,1600646400,10919.65
9/21/2020 19:00,1600732800,10430.46
9/22/2020 19:00,1600819200,10532.22
9/23/2020 19:00,1600905600,10234.48
9/24/2020 19:00,1600992000,10732.43
9/25/2020 19:00,1601078400,10692.84
9/26/2020 19:00,1601164800,10732.4
9/27/2020 19:00,1601251200,10774.24
9/28/2020 19:00,1601337600,10692.33
9/29/2020 19:00,1601424000,10840.8
9/30/2020 19:00,1601510400,10777.92
10/1/2020 19:00,1601596800,10619.24
10/2/2020 19:00,1601683200,10575.06
10/3/2020 19:00,1601769600,10551.77
10/4/2020 19:00,1601856000,10673.46
10/5/2020 19:00,1601942400,10788.56
10/6/2020 19:00,1602028800,10603.74
10/7/2020 19:00,1602115200,10670.8
10/8/2020 19:00,1602201600,10923.3
10/9/2020 19:00,1602288000,11063.19
10/10/2020 19:00,1602374400,11302.67
10/11/2020 19:00,1602460800,11376.61
10/12/2020 19:00,1602547200,11540.04
10/13/2020 19:00,1602633600,11428.24
10/14/2020 19:00,1602720000,11431.32
10/15/2020 19:00,1602806400,11503.73
10/16/2020 19:00,1602892800,11327.57
10/17/2020 19:00,1602979200,11366.51
10/18/2020 19:00,1603065600,11508.2
10/19/2020 19:00,1603152000,11758.16
10/20/2020 19:00,1603238400,11925.46
10/21/2020 19:00,1603324800,12831.56
10/22/2020 19:00,1603411200,12990.25
10/23/2020 19:00,1603497600,12944.52
10/24/2020 19:00,1603584000,13128.46
10/25/2020 19:00,1603670400,13036.77
10/26/2020 19:00,1603756800,13076.37
10/27/2020 19:00,1603843200,13651.47
10/28/2020 19:00,1603929600,13289
10/29/2020 19:00,1604016000,13458.66
10/30/2020 19:00,1604102400,13564.72
10/31/2020 19:00,1604188800,13810.32
11/1/2020 18:00,1604275200,13758.88
11/2/2020 18:00,1604361600,13575.17
11/3/2020 18:00,1604448000,14023.31
11/4/2020 18:00,1604534400,14155.59
11/5/2020 18:00,1604620800,15591.39
11/6/2020 18:00,1604707200,15595.77
11/7/2020 18:00,1604793600,14839.84
11/8/2020 18:00,1604880000,15490.6
11/9/2020 18:00,1604966400,15328.53
11/10/2020 18:00,1605052800,15317.04
11/11/2020 18:00,1605139200,15708.65
11/12/2020 18:00,1605225600,16295.57
11/13/2020 18:00,1605312000,16339.33
11/14/2020 18:00,1605398400,16091.07
11/15/2020 18:00,1605484800,15968.16
11/16/2020 18:00,1605571200,16725.15
11/17/2020 18:00,1605657600,17679.72
11/18/2020 18:00,1605744000,17798.45
11/19/2020 18:00,1605830400,17820.57
11/20/2020 18:00,1605916800,18687.45
11/21/2020 18:00,1606003200,18699.75
11/22/2020 18:00,1606089600,18422.28
11/23/2020 18:00,1606176000,18398.91
11/24/2020 18:00,1606262400,19172.52
11/25/2020 18:00,1606348800,18739.8
11/26/2020 18:00,1606435200,17151.44
11/27/2020 18:00,1606521600,17138.87
11/28/2020 18:00,1606608000,17732.42
11/29/2020 18:00,1606694400,18191.6
11/30/2020 18:00,1606780800,19709.73
12/1/2020 18:00,1606867200,18792.52
12/2/2020 18:00,1606953600,19226.97
12/3/2020 18:00,1607040000,19454.54
12/4/2020 18:00,1607126400,18670.49
12/5/2020 18:00,1607212800,19155.06
12/6/2020 18:00,1607299200,19377.66
12/7/2020 18:00,1607385600,19181.41
12/8/2020 18:00,1607472000,18318.87
12/9/2020 18:00,1607558400,18554.15
12/10/2020 18:00,1607644800,18247.76
12/11/2020 18:00,1607731200,18029.36
12/12/2020 18:00,1607817600,18803.44
12/13/2020 18:00,1607904000,19164.48
12/14/2020 18:00,1607990400,19276.59
12/15/2020 18:00,1608076800,19439.75
12/16/2020 18:00,1608163200,21379.48
12/17/2020 18:00,1608249600,22847.46
12/18/2020 18:00,1608336000,23150.79
12/19/2020 18:00,1608422400,23869.92
12/20/2020 18:00,1608508800,23490.58
12/21/2020 18:00,1608595200,22745.48
12/22/2020 18:00,1608681600,23824.99
12/23/2020 18:00,1608768000,23253.37
12/24/2020 18:00,1608854400,23715.53
12/25/2020 18:00,1608940800,24693.58
12/26/2020 18:00,1609027200,26443.21
12/27/2020 18:00,1609113600,26246.58
12/28/2020 18:00,1609200000,27036.69
12/29/2020 18:00,1609286400,27376.37
12/30/2020 18:00,1609372800,28856.59
12/31/2020 18:00,1609459200,28982.56
1/1/2021 18:00,1609545600,29393.75
1/2/2021 18:00,1609632000,32195.46
1/3/2021 18:00,1609718400,33000.78
1/4/2021 18:00,1609804800,32035.03
1/5/2021 18:00,1609891200,34046.67
1/6/2021 18:00,1609977600,36860.41
1/7/2021 18:00,1610064000,39486.04
1/8/2021 18:00,1610150400,40670.25
1/9/2021 18:00,1610236800,40240.72
1/10/2021 18:00,1610323200,38240.09
1/11/2021 18:00,1610409600,35544.94
1/12/2021 18:00,1610496000,34011.82
1/13/2021 18:00,1610582400,37393.13
1/14/2021 18:00,1610668800,39158.47
1/15/2021 18:00,1610755200,36828.52
1/16/2021 18:00,1610841600,36065.2
1/17/2021 18:00,1610928000,35793.01
1/18/2021 18:00,1611014400,36632.35
1/19/2021 18:00,1611100800,36020.13
1/20/2021 18:00,1611187200,35538.98
1/21/2021 18:00,1611273600,30797.88
1/22/2021 18:00,1611360000,33002.38
1/23/2021 18:00,1611446400,32099.74
1/24/2021 18:00,1611532800,32276.84
1/25/2021 18:00,1611619200,32243.26
1/26/2021 18:00,1611705600,32541.8
1/27/2021 18:00,1611792000,30419.17
1/28/2021 18:00,1611878400,33403.17
1/29/2021 18:00,1611964800,34314.26
1/30/2021 18:00,1612051200,34318.1
1/31/2021 18:00,1612137600,33136.46
2/1/2021 18:00,1612224000,33522.9
2/2/2021 18:00,1612310400,35529.66
2/3/2021 18:00,1612396800,37676.25
2/4/2021 18:00,1612483200,37002.09
2/5/2021 18:00,1612569600,38278.61
2/6/2021 18:00,1612656000,39323.26
2/7/2021 18:00,1612742400,38928.1
2/8/2021 18:00,1612828800,46364.3
2/9/2021 18:00,1612915200,46589.58
2/10/2021 18:00,1613001600,44878.17
2/11/2021 18:00,1613088000,48013.38
2/12/2021 18:00,1613174400,47471.4
2/13/2021 18:00,1613260800,47185.19
2/14/2021 18:00,1613347200,48720.37
2/15/2021 18:00,1613433600,47951.85
2/16/2021 18:00,1613520000,49160.1
2/17/2021 18:00,1613606400,52118.23
2/18/2021 18:00,1613692800,51608.15
2/19/2021 18:00,1613779200,55916.5
2/20/2021 18:00,1613865600,56001.2
2/21/2021 18:00,1613952000,57487.86
2/22/2021 18:00,1614038400,54123.4
2/23/2021 18:00,1614124800,48880.43
2/24/2021 18:00,1614211200,50624.84
2/25/2021 18:00,1614297600,46800.42
2/26/2021 18:00,1614384000,46340.31
2/27/2021 18:00,1614470400,46155.87
2/28/2021 18:00,1614556800,45113.92
3/1/2021 18:00,1614643200,49618.43
3/2/2021 18:00,1614729600,48356.04
3/3/2021 18:00,1614816000,50477.7
3/4/2021 18:00,1614902400,48448.91
3/5/2021 18:00,1614988800,48861.38
3/6/2021 18:00,1615075200,48881.59
3/7/2021 18:00,1615161600,51169.7
3/8/2021 18:00,1615248000,52299.33
3/9/2021 18:00,1615334400,54881.52
3/10/2021 18:00,1615420800,55997.23
3/11/2021 18:00,1615507200,57764
3/12/2021 18:00,1615593600,57253.28
3/13/2021 18:00,1615680000,61258.73
3/14/2021 19:00,1615766400,59133.47
3/15/2021 19:00,1615852800,55754.72
3/16/2021 19:00,1615939200,56872.38
3/17/2021 19:00,1616025600,58913
3/18/2021 19:00,1616112000,57665.9
3/19/2021 19:00,1616198400,58075.1
3/20/2021 19:00,1616284800,58085.8
3/21/2021 19:00,1616371200,57411.17
3/22/2021 19:00,1616457600,54204.96
3/23/2021 19:00,1616544000,54477.46
3/24/2021 19:00,1616630400,52508.23
3/25/2021 19:00,1616716800,51415.92
3/26/2021 19:00,1616803200,55074.47
3/27/2021 19:00,1616889600,55863.93
3/28/2021 19:00,1616976000,55783.71
3/29/2021 19:00,1617062400,57627.67
3/30/2021 19:00,1617148800,58730.13
3/31/2021 19:00,1617235200,58735.25
4/1/2021 19:00,1617321600,58736.92
4/2/2021 19:00,1617408000,59031.32
4/3/2021 19:00,1617494400,57076.49
4/4/2021 19:00,1617580800,58206.55
4/5/2021 19:00,1617667200,59054.1
4/6/2021 19:00,1617753600,58020.46
4/7/2021 19:00,1617840000,55947.27
4/8/2021 19:00,1617926400,58048.59
4/9/2021 19:00,1618012800,58102.58
4/10/2021 19:00,1618099200,59774
4/11/2021 19:00,1618185600,59964.87
4/12/2021 19:00,1618272000,59834.74
4/13/2021 19:00,1618358400,63554.44
4/14/2021 19:00,1618444800,62969.12
4/15/2021 19:00,1618531200,63252.63
4/16/2021 19:00,1618617600,61455.98
4/17/2021 19:00,1618704000,60087.09
4/18/2021 19:00,1618790400,56251.48
4/19/2021 19:00,1618876800,55703.14
4/20/2021 19:00,1618963200,56507.91
4/21/2021 19:00,1619049600,53808.8
4/22/2021 19:00,1619136000,51731.71
4/23/2021 19:00,1619222400,51153.13
4/24/2021 19:00,1619308800,50110.53
4/25/2021 19:00,1619395200,49075.58
4/26/2021 19:00,1619481600,54056.64
4/27/2021 19:00,1619568000,55071.46
4/28/2021 19:00,1619654400,54884.1
4/29/2021 19:00,1619740800,53584.15
4/30/2021 19:00,1619827200,57796.62
5/1/2021 19:00,1619913600,57857.5
5/2/2021 19:00,1620000000,56610.46
5/3/2021 19:00,1620086400,57213.33
5/4/2021 19:00,1620172800,53241.72
5/5/2021 19:00,1620259200,57473.23
5/6/2021 19:00,1620345600,56428.16
5/7/2021 19:00,1620432000,57380.27
5/8/2021 19:00,1620518400,58928.81
5/9/2021 19:00,1620604800,58280.73
5/10/2021 19:00,1620691200,55883.5
5/11/2021 19:00,1620777600,56750
5/12/2021 19:00,1620864000,49007.09
5/13/2021 19:00,1620950400,49702.27
5/14/2021 19:00,1621036800,49922.52
5/15/2021 19:00,1621123200,46736.58
5/16/2021 19:00,1621209600,46441.64
5/17/2021 19:00,1621296000,43596.24
5/18/2021 19:00,1621382400,42912.19
5/19/2021 19:00,1621468800,36964.27
5/20/2021 19:00,1621555200,40784.32
5/21/2021 19:00,1621641600,37280.35
5/22/2021 19:00,1621728000,37528.3
5/23/2021 19:00,1621814400,34754.54
5/24/2021 19:00,1621900800,38728.59
5/25/2021 19:00,1621987200,38410.5
5/26/2021 19:00,1622073600,39266.04
5/27/2021 19:00,1622160000,38445.29
5/28/2021 19:00,1622246400,35689.62
5/29/2021 19:00,1622332800,34647.67
5/30/2021 19:00,1622419200,35684.59
5/31/2021 19:00,1622505600,37310.54
6/1/2021 19:00,1622592000,36662.64
6/2/2021 19:00,1622678400,37585.24
6/3/2021 19:00,1622764800,39188.59
6/4/2021 19:00,1622851200,36885.51
6/5/2021 19:00,1622937600,35530.38
6/6/2021 19:00,1623024000,35816.17
6/7/2021 19:00,1623110400,33514.87
6/8/2021 19:00,1623196800,33450.19
6/9/2021 19:00,1623283200,37338.36
6/10/2021 19:00,1623369600,36704.57
6/11/2021 19:00,1623456000,37313.18
6/12/2021 19:00,1623542400,35494.9
6/13/2021 19:00,1623628800,39066.82
6/14/2021 19:00,1623715200,40525.8
6/15/2021 19:00,1623801600,40188.56
6/16/2021 19:00,1623888000,38324.87
6/17/2021 19:00,1623974400,38068.04
6/18/2021 19:00,1624060800,35729.82
6/19/2021 19:00,1624147200,35524.17
6/20/2021 19:00,1624233600,35592.35
6/21/2021 19:00,1624320000,31686.55
6/22/2021 19:00,1624406400,32447.59
6/23/2021 19:00,1624492800,33674.66
6/24/2021 19:00,1624579200,34639.38
6/25/2021 19:00,1624665600,31640.58
6/26/2021 19:00,1624752000,32160.91
6/27/2021 19:00,1624838400,34644.45
6/28/2021 19:00,1624924800,34456.67
6/29/2021 19:00,1625011200,35847.7
6/30/2021 19:00,1625097600,35047.36
7/1/2021 19:00,1625184000,33536.88
7/2/2021 19:00,1625270400,33856.86
7/3/2021 19:00,1625356800,34688.98
7/4/2021 19:00,1625443200,35309.3
7/5/2021 19:00,1625529600,33747.97
7/6/2021 19:00,1625616000,34211.01
7/7/2021 19:00,1625702400,33839.04
7/8/2021 19:00,1625788800,32877.41
7/9/2021 19:00,1625875200,33818.52
7/10/2021 19:00,1625961600,33515.57
7/11/2021 19:00,1626048000,34227.64
7/12/2021 19:00,1626134400,33158.25
7/13/2021 19:00,1626220800,32686.56
7/14/2021 19:00,1626307200,32814.61
7/15/2021 19:00,1626393600,31738.59
7/16/2021 19:00,1626480000,31421.25
7/17/2021 19:00,1626566400,31520.66
7/18/2021 19:00,1626652800,31783.49
7/19/2021 19:00,1626739200,30815.94
7/20/2021 19:00,1626825600,29790.24
7/21/2021 19:00,1626912000,32118.06
7/22/2021 19:00,1626998400,32297.89
7/23/2021 19:00,1627084800,33581.63
7/24/2021 19:00,1627171200,34279.34
7/25/2021 19:00,1627257600,35365.2
7/26/2021 19:00,1627344000,37318.14
7/27/2021 19:00,1627430400,39405.95
7/28/2021 19:00,1627516800,40002.53
7/29/2021 19:00,1627603200,40005.93
7/30/2021 19:00,1627689600,42214.15
7/31/2021 19:00,1627776000,41659.06
8/1/2021 19:00,1627862400,40000.46
8/2/2021 19:00,1627948800,39193.94
8/3/2021 19:00,1628035200,38138
8/4/2021 19:00,1628121600,39750.14
8/5/2021 19:00,1628208000,40882
8/6/2021 19:00,1628294400,42825.95
8/7/2021 19:00,1628380800,44634.13
8/8/2021 19:00,1628467200,43816.14
8/9/2021 19:00,1628553600,46333.46
8/10/2021 19:00,1628640000,45608.37
8/11/2021 19:00,1628726400,45611.46
8/12/2021 19:00,1628812800,44417.78
8/13/2021 19:00,1628899200,47833.98
8/14/2021 19:00,1628985600,47112.19
8/15/2021 19:00,1629072000,47056.41
8/16/2021 19:00,1629158400,45982.55
8/17/2021 19:00,1629244800,44648.57
8/18/2021 19:00,1629331200,44777.86
8/19/2021 19:00,1629417600,46734.65
8/20/2021 19:00,1629504000,49327.75
8/21/2021 19:00,1629590400,48932.02
8/22/2021 19:00,1629676800,49335.68
8/23/2021 19:00,1629763200,49523.5
8/24/2021 19:00,1629849600,47744.58
8/25/2021 19:00,1629936000,48972.09
8/26/2021 19:00,1630022400,46962.8
8/27/2021 19:00,1630108800,49056.86
8/28/2021 19:00,1630195200,48897.65
8/29/2021 19:00,1630281600,48806.78
8/30/2021 19:00,1630368000,47074.77
8/31/2021 19:00,1630454400,47155.87
9/1/2021 19:00,1630540800,48862.76
9/2/2021 19:00,1630627200,49329.01
9/3/2021 19:00,1630713600,50035.33
9/4/2021 19:00,1630800000,49947.38
9/5/2021 19:00,1630886400,51769.06
9/6/2021 19:00,1630972800,52677.4
9/7/2021 19:00,1631059200,46809.17
9/8/2021 19:00,1631145600,46078.38
9/9/2021 19:00,1631232000,46368.69
9/10/2021 19:00,1631318400,44847.48
9/11/2021 19:00,1631404800,45144.79
9/12/2021 19:00,1631491200,46059.12
9/13/2021 19:00,1631577600,44968.76
9/14/2021 19:00,1631664000,47072.12
9/15/2021 19:00,1631750400,48167.85
9/16/2021 19:00,1631836800,47785.26
9/17/2021 19:00,1631923200,47263.6
9/18/2021 19:00,1632009600,48259.45
9/19/2021 19:00,1632096000,47249.38
9/20/2021 19:00,1632182400,42901.56
9/21/2021 19:00,1632268800,40619.27
9/22/2021 19:00,1632355200,43604.76
9/23/2021 19:00,1632441600,44888.96
9/24/2021 19:00,1632528000,42815.56
9/25/2021 19:00,1632614400,42742.01
9/26/2021 19:00,1632700800,43182.63
9/27/2021 19:00,1632787200,42238.2
9/28/2021 19:00,1632873600,41011.16
9/29/2021 19:00,1632960000,41522.38
9/30/2021 19:00,1633046400,43757.81
10/1/2021 19:00,1633132800,48140.11
10/2/2021 19:00,1633219200,47727.1
10/3/2021 19:00,1633305600,48205.72
10/4/2021 19:00,1633392000,49143.95
10/5/2021 19:00,1633478400,51505.83
10/6/2021 19:00,1633564800,55343.76
10/7/2021 19:00,1633651200,53801.1
10/8/2021 19:00,1633737600,53867.3
10/9/2021 19:00,1633824000,55122.59
10/10/2021 19:00,1633910400,54625.74
10/11/2021 19:00,1633996800,57452.01
10/12/2021 19:00,1634083200,56242.94
10/13/2021 19:00,1634169600,57406.69
10/14/2021 19:00,1634256000,57397.74
10/15/2021 19:00,1634342400,61641.17
10/16/2021 19:00,1634428800,60948.78
10/17/2021 19:00,1634515200,61546.21
10/18/2021 19:00,1634601600,61971.59
10/19/2021 19:00,1634688000,64287.64
10/20/2021 19:00,1634774400,66063.56
10/21/2021 19:00,1634860800,62354.86
10/22/2021 19:00,1634947200,60697.06
10/23/2021 19:00,1635033600,61277.28
10/24/2021 19:00,1635120000,60884.18
10/25/2021 19:00,1635206400,63070.54
10/26/2021 19:00,1635292800,60345.17
10/27/2021 19:00,1635379200,58538.49
10/28/2021 19:00,1635465600,60587.09
10/29/2021 19:00,1635552000,62249.18
10/30/2021 19:00,1635638400,61731.29
10/31/2021 19:00,1635724800,61373.44
11/1/2021 19:00,1635811200,61029.5
11/2/2021 19:00,1635897600,63241.11
11/3/2021 19:00,1635984000,62954.86
11/4/2021 19:00,1636070400,61441.83
11/5/2021 19:00,1636156800,61072.32
11/6/2021 19:00,1636243200,61516.31
11/7/2021 18:00,1636329600,63293.22
11/8/2021 18:00,1636416000,67562.17
11/9/2021 18:00,1636502400,66954.11
11/10/2021 18:00,1636588800,64976.73
11/11/2021 18:00,1636675200,64838.81
11/12/2021 18:00,1636761600,64254.67
11/13/2021 18:00,1636848000,64420.94
11/14/2021 18:00,1636934400,65468.75
11/15/2021 18:00,1637020800,63584.25
11/16/2021 18:00,1637107200,60172.26
11/17/2021 18:00,1637193600,60381.35
11/18/2021 18:00,1637280000,56921.34
11/19/2021 18:00,1637366400,58133.02
11/20/2021 18:00,1637452800,59777.98
11/21/2021 18:00,1637539200,58755.9
11/22/2021 18:00,1637625600,56301.52
11/23/2021 18:00,1637712000,57578.22
11/24/2021 18:00,1637798400,57187.54
11/25/2021 18:00,1637884800,58935.45
11/26/2021 18:00,1637971200,53588.21
11/27/2021 18:00,1638057600,54801.15
11/28/2021 18:00,1638144000,57292.28
11/29/2021 18:00,1638230400,57828.45
11/30/2021 18:00,1638316800,57025.79
12/1/2021 18:00,1638403200,57229.76
12/2/2021 18:00,1638489600,56508.48
12/3/2021 18:00,1638576000,53713.84
12/4/2021 18:00,1638662400,49253.86
12/5/2021 18:00,1638748800,49380.43
12/6/2021 18:00,1638835200,50564.63
12/7/2021 18:00,1638921600,50645.41
12/8/2021 18:00,1639008000,50511.12
12/9/2021 18:00,1639094400,47659.68
12/10/2021 18:00,1639180800,47137.46
12/11/2021 18:00,1639267200,49379.67
12/12/2021 18:00,1639353600,50117.25
12/13/2021 18:00,1639440000,46757.09
12/14/2021 18:00,1639526400,48392.79
12/15/2021 18:00,1639612800,48884.66
12/16/2021 18:00,1639699200,47658.38
12/17/2021 18:00,1639785600,46173.51
12/18/2021 18:00,1639872000,46863.67
12/19/2021 18:00,1639958400,46689.28
12/20/2021 18:00,1640044800,46910.13
12/21/2021 18:00,1640131200,48934.57
12/22/2021 18:00,1640217600,48628.35
12/23/2021 18:00,1640304000,50785.69
12/24/2021 18:00,1640390400,50814.92
12/25/2021 18:00,1640476800,50470.89
12/26/2021 18:00,1640563200,50801.11
12/27/2021 18:00,1640649600,50692.3
12/28/2021 18:00,1640736000,47601.26
12/29/2021 18:00,1640822400,46408.87
12/30/2021 18:00,1640908800,47132.96
12/31/2021 18:00,1640995200,46249.56
1/1/2022 18:00,1641081600,47763.33
1/2/2022 18:00,1641168000,47327.87
1/3/2022 18:00,1641254400,46441.99
1/4/2022 18:00,1641340800,45862.98
1/5/2022 18:00,1641427200,43436.17
1/6/2022 18:00,1641513600,43120.63
1/7/2022 18:00,1641600000,41528.04
1/8/2022 18:00,1641686400,41690.93
1/9/2022 18:00,1641772800,41864.44
1/10/2022 18:00,1641859200,41849
1/11/2022 18:00,1641945600,42723.37
1/12/2022 18:00,1642032000,43926
1/13/2022 18:00,1642118400,42546.44
1/14/2022 18:00,1642204800,43099.37
1/15/2022 18:00,1642291200,43146.53
1/16/2022 18:00,1642377600,43102.44
1/17/2022 18:00,1642464000,42248.35
1/18/2022 18:00,1642550400,42381.48
1/19/2022 18:00,1642636800,41707.85
1/20/2022 18:00,1642723200,40684.42
1/21/2022 18:00,1642809600,36480.85
1/22/2022 18:00,1642896000,35071.43
1/23/2022 18:00,1642982400,36280.82
1/24/2022 18:00,1643068800,36678.82
1/25/2022 18:00,1643155200,36948.81
1/26/2022 18:00,1643241600,36823.5
1/27/2022 18:00,1643328000,37146.85
1/28/2022 18:00,1643414400,37770.15
1/29/2022 18:00,1643500800,38186.49
1/30/2022 18:00,1643587200,37918.62
1/31/2022 18:00,1643673600,38521.79
2/1/2022 18:00,1643760000,38739.74
2/2/2022 18:00,1643846400,36912.68
2/3/2022 18:00,1643932800,37092.4
2/4/2022 18:00,1644019200,41584.19
2/5/2022 18:00,1644105600,41435.43
2/6/2022 18:00,1644192000,42450.98
2/7/2022 18:00,1644278400,43834.02
2/8/2022 18:00,1644364800,44133.28
2/9/2022 18:00,1644451200,44397.3
2/10/2022 18:00,1644537600,43531.11
2/11/2022 18:00,1644624000,42401.27
2/12/2022 18:00,1644710400,42245.56
2/13/2022 18:00,1644796800,42104.89
2/14/2022 18:00,1644883200,42580.94
2/15/2022 18:00,1644969600,44536.2
2/16/2022 18:00,1645056000,43948.81
2/17/2022 18:00,1645142400,40565.69
2/18/2022 18:00,1645228800,40014.55
2/19/2022 18:00,1645315200,40115.05
2/20/2022 18:00,1645401600,38382.32
2/21/2022 18:00,1645488000,37031.08
2/22/2022 18:00,1645574400,38262.17
2/23/2022 18:00,1645660800,37291.48
2/24/2022 18:00,1645747200,38344.78
2/25/2022 18:00,1645833600,39222.6
2/26/2022 18:00,1645920000,39103.91
2/27/2022 18:00,1646006400,37704.56
2/28/2022 18:00,1646092800,43226.36
3/1/2022 18:00,1646179200,44418.83
3/2/2022 18:00,1646265600,43934.85
3/3/2022 18:00,1646352000,42464.4
3/4/2022 18:00,1646438400,39141.25
3/5/2022 18:00,1646524800,39399.58
3/6/2022 18:00,1646611200,38407.69
3/7/2022 18:00,1646697600,38032.5
3/8/2022 18:00,1646784000,38753.1
3/9/2022 18:00,1646870400,41956.53
3/10/2022 18:00,1646956800,39437.89
3/11/2022 18:00,1647043200,38741.04
3/12/2022 18:00,1647129600,38809.18
3/13/2022 19:00,1647216000,37820.39
3/14/2022 19:00,1647302400,39680.6
3/15/2022 19:00,1647388800,39320.82
3/16/2022 19:00,1647475200,41133.08
3/17/2022 19:00,1647561600,40946.78
3/18/2022 19:00,1647648000,41795.77
3/19/2022 19:00,1647734400,42222.32
3/20/2022 19:00,1647820800,41250.83
3/21/2022 19:00,1647907200,41071.41
3/22/2022 19:00,1647993600,42372.67
3/23/2022 19:00,1648080000,42905.06
3/24/2022 19:00,1648166400,44004.47
3/25/2022 19:00,1648252800,44334.33
3/26/2022 19:00,1648339200,44542.39
3/27/2022 19:00,1648425600,46858.53
3/28/2022 19:00,1648512000,47115.93
3/29/2022 19:00,1648598400,47448.01
3/30/2022 19:00,1648684800,47064.16
3/31/2022 19:00,1648771200,45539.22
4/1/2022 19:00,1648857600,46282.56
4/2/2022 19:00,1648944000,45825.36
4/3/2022 19:00,1649030400,46425.52
4/4/2022 19:00,1649116800,46611.26
4/5/2022 19:00,1649203200,45508.16
4/6/2022 19:00,1649289600,43190.18
4/7/2022 19:00,1649376000,43464.32
4/8/2022 19:00,1649462400,42278.94
4/9/2022 19:00,1649548800,42787.69
4/10/2022 19:00,1649635200,42144.23
4/11/2022 19:00,1649721600,39488.62
4/12/2022 19:00,1649808000,40102.2
4/13/2022 19:00,1649894400,41148.06
4/14/2022 19:00,1649980800,39939.9
4/15/2022 19:00,1650067200,40566.2
4/16/2022 19:00,1650153600,40388.78
4/17/2022 19:00,1650240000,39711.45
4/18/2022 19:00,1650326400,40805.72
4/19/2022 19:00,1650412800,41507.3
4/20/2022 19:00,1650499200,41375.79
4/21/2022 19:00,1650585600,40514.01
4/22/2022 19:00,1650672000,39727.65
4/23/2022 19:00,1650758400,39429.01
4/24/2022 19:00,1650844800,39465.57
4/25/2022 19:00,1650931200,40472.7
4/26/2022 19:00,1651017600,38114.94
4/27/2022 19:00,1651104000,39249.28
4/28/2022 19:00,1651190400,39770.04
4/29/2022 19:00,1651276800,38596.28
4/30/2022 19:00,1651363200,37661.19
5/1/2022 19:00,1651449600,38475.48
5/2/2022 19:00,1651536000,38510.65
5/3/2022 19:00,1651622400,37727.19
5/4/2022 19:00,1651708800,39674.89
5/5/2022 19:00,1651795200,36549.9
5/6/2022 19:00,1651881600,36013.03
5/7/2022 19:00,1651968000,35471.42
5/8/2022 19:00,1652054400,34082.21
5/9/2022 19:00,1652140800,30175.71
5/10/2022 19:00,1652227200,31003.93
5/11/2022 19:00,1652313600,28907.15
5/12/2022 19:00,1652400000,28931.14
5/13/2022 19:00,1652486400,29234.06
5/14/2022 19:00,1652572800,30074.61
5/15/2022 19:00,1652659200,31277.43
5/16/2022 19:00,1652745600,29834.09
5/17/2022 19:00,1652832000,30406.69
5/18/2022 19:00,1652918400,28680.97
5/19/2022 19:00,1653004800,30289.87
5/20/2022 19:00,1653091200,29159.5
5/21/2022 19:00,1653177600,29409.92
5/22/2022 19:00,1653264000,30278.94
5/23/2022 19:00,1653350400,29074.33
5/24/2022 19:00,1653436800,29634.57
5/25/2022 19:00,1653523200,29518.59
5/26/2022 19:00,1653609600,29193.92
5/27/2022 19:00,1653696000,28578.89
5/28/2022 19:00,1653782400,29013.69
5/29/2022 19:00,1653868800,29448.74
5/30/2022 19:00,1653955200,31715.58
5/31/2022 19:00,1654041600,31776.27
6/1/2022 19:00,1654128000,29780.81
6/2/2022 19:00,1654214400,30429.88
6/3/2022 19:00,1654300800,29681.76
6/4/2022 19:00,1654387200,29845.23
6/5/2022 19:00,1654473600,29901.35
6/6/2022 19:00,1654560000,31349.82
6/7/2022 19:00,1654646400,31117.83
6/8/2022 19:00,1654732800,30189.25
6/9/2022 19:00,1654819200,30083.46
6/10/2022 19:00,1654905600,29059.41
6/11/2022 19:00,1654992000,28344.5
6/12/2022 19:00,1655078400,26593.3
6/13/2022 19:00,1655164800,22431.22
6/14/2022 19:00,1655251200,22189.29
6/15/2022 19:00,1655337600,22550.79
6/16/2022 19:00,1655424000,20350.48
6/17/2022 19:00,1655510400,20434.75
6/18/2022 19:00,1655596800,18977.51
6/19/2022 19:00,1655683200,20540.38
6/20/2022 19:00,1655769600,20582.29
6/21/2022 19:00,1655856000,20703.51
6/22/2022 19:00,1655942400,19953.71
6/23/2022 19:00,1656028800,21088.3
6/24/2022 19:00,1656115200,21194.68
6/25/2022 19:00,1656201600,21481.38
6/26/2022 19:00,1656288000,21020.04
6/27/2022 19:00,1656374400,20702.23
6/28/2022 19:00,1656460800,20256.61
6/29/2022 19:00,1656547200,20085.93
6/30/2022 19:00,1656633600,19865.7
7/1/2022 19:00,1656720000,19226.7
7/2/2022 19:00,1656806400,19224.75
7/3/2022 19:00,1656892800,19288.97
7/4/2022 19:00,1656979200,20208.45
7/5/2022 19:00,1657065600,20181.91
7/6/2022 19:00,1657152000,20545.61
7/7/2022 19:00,1657238400,21633.44
7/8/2022 19:00,1657324800,21636.45
7/9/2022 19:00,1657411200,21582.6
7/10/2022 19:00,1657497600,20834.61
7/11/2022 19:00,1657584000,19946.31
7/12/2022 19:00,1657670400,19292.99
7/13/2022 19:00,1657756800,20223.69
7/14/2022 19:00,1657843200,20568.9
7/15/2022 19:00,1657929600,20835.61
7/16/2022 19:00,1658016000,21197.1
7/17/2022 19:00,1658102400,20774.23
7/18/2022 19:00,1658188800,22538.08
7/19/2022 19:00,1658275200,23403.29
7/20/2022 19:00,1658361600,23227.22
7/21/2022 19:00,1658448000,23154.09
7/22/2022 19:00,1658534400,22687.08
7/23/2022 19:00,1658620800,22461.7
7/24/2022 19:00,1658707200,22582.4
7/25/2022 19:00,1658793600,21300.72
7/26/2022 19:00,1658880000,21267.33
7/27/2022 19:00,1658966400,22950.29
7/28/2022 19:00,1659052800,23856.25
7/29/2022 19:00,1659139200,23792
7/30/2022 19:00,1659225600,23647.99
7/31/2022 19:00,1659312000,23326.49
8/1/2022 19:00,1659398400,23298.94
8/2/2022 19:00,1659484800,22981.77
8/3/2022 19:00,1659571200,22831.85
8/4/2022 19:00,1659657600,22608.3
8/5/2022 19:00,1659744000,23295.14
8/6/2022 19:00,1659830400,22947.19
8/7/2022 19:00,1659916800,23174.25
8/8/2022 19:00,1660003200,23816.32
8/9/2022 19:00,1660089600,23156.31
8/10/2022 19:00,1660176000,23959.92
8/11/2022 19:00,1660262400,23953.77
8/12/2022 19:00,1660348800,24418.38
8/13/2022 19:00,1660435200,24447.13
8/14/2022 19:00,1660521600,24314.89
8/15/2022 19:00,1660608000,24096.19
8/16/2022 19:00,1660694400,23876.29
8/17/2022 19:00,1660780800,23332.09
8/18/2022 19:00,1660867200,23193.99
8/19/2022 19:00,1660953600,20843.22
8/20/2022 19:00,1661040000,21150.33
8/21/2022 19:00,1661126400,21520.51
8/22/2022 19:00,1661212800,21402.93
8/23/2022 19:00,1661299200,21516.02
8/24/2022 19:00,1661385600,21377.51
8/25/2022 19:00,1661472000,21597.93
8/26/2022 19:00,1661558400,20233.32
8/27/2022 19:00,1661644800,20035.59
8/28/2022 19:00,1661731200,19550.07
8/29/2022 19:00,1661817600,20290.41
8/30/2022 19:00,1661904000,19793.02
8/31/2022 19:00,1661990400,20047.68
9/1/2022 19:00,1662076800,20130.52
9/2/2022 19:00,1662163200,19952.91
9/3/2022 19:00,1662249600,19834.94
9/4/2022 19:00,1662336000,19994.65
9/5/2022 19:00,1662422400,19789.87
9/6/2022 19:00,1662508800,18806.7
9/7/2022 19:00,1662595200,19280.08
9/8/2022 19:00,1662681600,19327.53
9/9/2022 19:00,1662768000,21387.58
9/10/2022 19:00,1662854400,21673.03
9/11/2022 19:00,1662940800,21794.52
9/12/2022 19:00,1663027200,22392.71
9/13/2022 19:00,1663113600,20172.56
9/14/2022 19:00,1663200000,20219.55
9/15/2022 19:00,1663286400,19694.69
9/16/2022 19:00,1663372800,19787.61
9/17/2022 19:00,1663459200,20122.71
9/18/2022 19:00,1663545600,19415.86
9/19/2022 19:00,1663632000,19542.2
9/20/2022 19:00,1663718400,18879.96
9/21/2022 19:00,1663804800,18507.36
9/22/2022 19:00,1663891200,19408.63
9/23/2022 19:00,1663977600,19280.58
9/24/2022 19:00,1664064000,18931.79
9/25/2022 19:00,1664150400,18807.71
9/26/2022 19:00,1664236800,19227.26
9/27/2022 19:00,1664323200,19104.89
9/28/2022 19:00,1664409600,19530.71
9/29/2022 19:00,1664496000,19598.86
9/30/2022 19:00,1664582400,19427.2
10/1/2022 19:00,1664668800,19314.69
10/2/2022 19:00,1664755200,19049.72
10/3/2022 19:00,1664841600,19632.61
10/4/2022 19:00,1664928000,20342.25
10/5/2022 19:00,1665014400,20167.79
10/6/2022 19:00,1665100800,19956.49
10/7/2022 19:00,1665187200,19544.82
10/8/2022 19:00,1665273600,19417.73
10/9/2022 19:00,1665360000,19441.88
10/10/2022 19:00,1665446400,19132.52
10/11/2022 19:00,1665532800,19049.64
10/12/2022 19:00,1665619200,19156.21
10/13/2022 19:00,1665705600,19383.33
10/14/2022 19:00,1665792000,19184.71
10/15/2022 19:00,1665878400,19063.1
10/16/2022 19:00,1665964800,19265.53
10/17/2022 19:00,1666051200,19548.97
10/18/2022 19:00,1666137600,19330.74
10/19/2022 19:00,1666224000,19125.65
10/20/2022 19:00,1666310400,19046.83
10/21/2022 19:00,1666396800,19171.34
10/22/2022 19:00,1666483200,19205.45
10/23/2022 19:00,1666569600,19565.91
10/24/2022 19:00,1666656000,19338.9
10/25/2022 19:00,1666742400,20101.27
10/26/2022 19:00,1666828800,20772.36
10/27/2022 19:00,1666915200,20288.52
10/28/2022 19:00,1667001600,20601.63
10/29/2022 19:00,1667088000,20816.16
10/30/2022 19:00,1667174400,20628.5
10/31/2022 19:00,1667260800,20499.29
11/1/2022 19:00,1667347200,20486.26
11/2/2022 19:00,1667433600,20153.99
11/3/2022 19:00,1667520000,20208.16
11/4/2022 19:00,1667606400,21152.93
11/5/2022 19:00,1667692800,21292.67
11/6/2022 18:00,1667779200,20920.33
11/7/2022 18:00,1667865600,20598.44
11/8/2022 18:00,1667952000,18540.11
11/9/2022 18:00,1668038400,15856.95
11/10/2022 18:00,1668124800,17550.23
11/11/2022 18:00,1668211200,16990.26
11/12/2022 18:00,1668297600,16776.4
11/13/2022 18:00,1668384000,16310.3
11/14/2022 18:00,1668470400,16587.96
