x,y
1573948800000.00,8482.7
1574035200000.00,8503.93
1574121600000.00,8175.99
1574208000000.00,8120.8
1574294400000.00,8081.81
1574380800000.00,7617.07
1574467200000.00,7286.35
1574553600000.00,7324.03
1574640000000.00,6907.4
1574726400000.00,7130.25
1574812800000.00,7163.63
1574899200000.00,7523.83
1574985600000.00,7431
1575072000000.00,7757.47
1575158400000.00,7557.72
1575244800000.00,7402.69
1575331200000.00,7309.59
1575417600000.00,7296.77
1575504000000.00,7192.85
1575590400000.00,7395.97
1575676800000.00,7547.19
1575763200000.00,7504.83
1575849600000.00,7522.39
1575936000000.00,7337.42
1576022400000.00,7220.76
1576108800000.00,7202.31
1576195200000.00,7189.16
1576281600000.00,7251.87
1576368000000.00,7067.74
1576454400000.00,7111.14
1576540800000.00,6879.54
1576627200000.00,6612.12
1576713600000.00,7284.29
1576800000000.00,7150.86
1576886400000.00,7190.17
1576972800000.00,7143.2
1577059200000.00,7514.41
1577145600000.00,7322.08
1577232000000.00,7250.69
1577318400000.00,7192.72
1577404800000.00,7194.4
1577491200000.00,7243.93
1577577600000.00,7301.07
1577664000000.00,7385.36
1577750400000.00,7219.6
1577836800000.00,7168.31
1577923200000.00,7175.68
1578009600000.00,6944.33
1578096000000.00,7326.35
1578182400000.00,7347.89
1578268800000.00,7351.57
1578355200000.00,7759.24
1578441600000.00,8165.47
1578528000000.00,8042.65
1578614400000.00,7817.92
1578700800000.00,8184.66
1578787200000.00,8021.49
1578873600000.00,8173.97
1578960000000.00,8105.24
1579046400000.00,8842.42
1579132800000.00,8813.89
1579219200000.00,8722.03
1579305600000.00,8900.34
1579392000000.00,8910.85
1579478400000.00,8703.36
1579564800000.00,8626.47
1579651200000.00,8722.26
1579737600000.00,8658.94
1579824000000.00,8388.11
1579910400000.00,8428.17
1579996800000.00,8327.36
1580083200000.00,8588.42
1580169600000.00,8895.78
1580256000000.00,9385.69
1580342400000.00,9279.81
1580428800000.00,9502.37
1580515200000.00,9333.77
1580601600000.00,9378.09
1580688000000.00,9314.56
1580774400000.00,9284.51
1580860800000.00,9162.14
1580947200000.00,9614.9
1581033600000.00,9755.66
1581120000000.00,9807.54
1581206400000.00,9907.12
1581292800000.00,10162.41
1581379200000.00,9854.79
1581465600000.00,10275.38
1581552000000.00,10354.3
1581638400000.00,10242.43
1581724800000.00,10368.53
1581811200000.00,9904.17
1581897600000.00,9937.67
1581984000000.00,9703.93
1582070400000.00,10180.65
1582156800000.00,9604.72
1582243200000.00,9606.86
1582329600000.00,9696.58
1582416000000.00,9669.63
1582502400000.00,9989.39
1582588800000.00,9663.75
1582675200000.00,9309.15
1582761600000.00,8785.52
1582848000000.00,8804.72
1582934400000.00,8712.35
1583020800000.00,8531.42
1583107200000.00,8534.17
1583193600000.00,8912.82
1583280000000.00,8754.34
1583366400000.00,8758.9
1583452800000.00,9067.39
1583539200000.00,9155.89
1583625600000.00,8898.63
1583712000000.00,8039.38
1583798400000.00,7931.94
1583884800000.00,7885.46
1583971200000.00,7936.65
1584057600000.00,4830.21
1584144000000.00,5609.03
1584230400000.00,5166.26
1584316800000.00,5348.44
1584403200000.00,5026.35
1584489600000.00,5357.61
1584576000000.00,5410.23
1584662400000.00,6195.2
1584748800000.00,6226.44
1584835200000.00,6189.85
1584921600000.00,5822.62
1585008000000.00,6502.16
1585094400000.00,6768.49
1585180800000.00,6698.46
1585267200000.00,6763.75
1585353600000.00,6369.09
1585440000000.00,6260.95
1585526400000.00,5885.41
1585612800000.00,6405.29
1585699200000.00,6428.28
1585785600000.00,6652.87
1585872000000.00,6809.11
1585958400000.00,6741.67
1586044800000.00,6871.69
1586131200000.00,6777.44
1586217600000.00,7343.2
1586304000000.00,7205.55
1586390400000.00,7365.03
1586476800000.00,7293.69
1586563200000.00,6873.24
1586649600000.00,6891.6
1586736000000.00,6915.37
1586822400000.00,6857.66
1586908800000.00,6871.95
1586995200000.00,6623.8
1587081600000.00,7112.27
1587168000000.00,7034.89
1587254400000.00,7259.36
1587340800000.00,7130.04
1587427200000.00,6840.24
1587513600000.00,6852.52
1587600000000.00,7130.99
1587686400000.00,7477.6
1587772800000.00,7507.08
1587859200000.00,7549.52
1587945600000.00,7699.27
1588032000000.00,7790.66
1588118400000.00,7765.33
1588204800000.00,8777.63
1588291200000.00,8628.77
1588377600000.00,8824.66
1588464000000.00,8973.82
1588550400000.00,8903.95
1588636800000.00,8885.93
1588723200000.00,9030.96
1588809600000.00,9170.79
1588896000000.00,10002.48
1588982400000.00,9821.8
1589068800000.00,9527.39
1589155200000.00,8754.46
1589241600000.00,8617.25
1589328000000.00,8814.53
1589414400000.00,9305.93
1589500800000.00,9790.31
1589587200000.00,9303.59
1589673600000.00,9385.7
1589760000000.00,9669.4
1589846400000.00,9719.37
1589932800000.00,9785.74
1590019200000.00,9510.67
1590105600000.00,9057.57
1590192000000.00,9167.26
1590278400000.00,9178.32
1590364800000.00,8730.73
1590451200000.00,8899.66
1590537600000.00,8842.85
1590624000000.00,9197.54
1590710400000.00,9569.21
1590796800000.00,9425.98
1590883200000.00,9698.1
1590969600000.00,9450.84
1591056000000.00,10204.23
1591142400000.00,9525.57
1591228800000.00,9658.04
1591315200000.00,9794.56
1591401600000.00,9623.75
1591488000000.00,9670.43
1591574400000.00,9753.85
1591660800000.00,9782.59
1591747200000.00,9775.15
1591833600000.00,9892.13
1591920000000.00,9286.42
1592006400000.00,9459.97
1592092800000.00,9473.5
1592179200000.00,9330.07
1592265600000.00,9426.7
1592352000000.00,9526
1592438400000.00,9454.81
1592524800000.00,9380.03
1592611200000.00,9300.15
1592697600000.00,9357.43
1592784000000.00,9284.78
1592870400000.00,9691.9
1592956800000.00,9621.49
1593043200000.00,9276.58
1593129600000.00,9240.85
1593216000000.00,9154.45
1593302400000.00,9004.23
1593388800000.00,9127.47
1593475200000.00,9185.35
1593561600000.00,9133.97
1593648000000.00,9236.38
1593734400000.00,9087.98
1593820800000.00,9072.42
1593907200000.00,9131.31
1593993600000.00,9089.09
1594080000000.00,9348.91
1594166400000.00,9256.23
1594252800000.00,9440.07
1594339200000.00,9238.04
1594425600000.00,9287.4
1594512000000.00,9235.96
1594598400000.00,9295.9
1594684800000.00,9238.13
1594771200000.00,9254.52
1594857600000.00,9193.51
1594944000000.00,9131
1595030400000.00,9154.19
1595116800000.00,9174.71
1595203200000.00,9214.66
1595289600000.00,9163.87
1595376000000.00,9392.66
1595462400000.00,9537.4
1595548800000.00,9613.11
1595635200000.00,9551.28
1595721600000.00,9707.5
1595808000000.00,9938.83
1595894400000.00,11042.4
1595980800000.00,10934.94
1596067200000.00,11102.67
1596153600000.00,11114.93
1596240000000.00,11343.88
1596326400000.00,11823.69
1596412800000.00,11077.77
1596499200000.00,11242.57
1596585600000.00,11194.25
1596672000000.00,11750.28
1596758400000.00,11772.94
1596844800000.00,11605.6
1596931200000.00,11767.6
1597017600000.00,11684.06
1597104000000.00,11893.03
1597190400000.00,11392.43
1597276800000.00,11573.11
1597363200000.00,11777.43
1597449600000.00,11774.38
1597536000000.00,11873.98
1597622400000.00,11914.01
1597708800000.00,12293.72
1597795200000.00,11969.53
1597881600000.00,11734
1597968000000.00,11865.82
1598054400000.00,11522.8
1598140800000.00,11683.44
1598227200000.00,11653.02
1598313600000.00,11763.93
1598400000000.00,11337.4
1598486400000.00,11467.37
1598572800000.00,11302.01
1598659200000.00,11534.75
1598745600000.00,11481.64
1598832000000.00,11707.78
1598918400000.00,11659.57
1599004800000.00,11923.25
1599091200000.00,11397.44
1599177600000.00,10187.51
1599264000000.00,10467.89
1599350400000.00,10159.62
1599436800000.00,10254.93
1599523200000.00,10367.74
1599609600000.00,10121.52
1599696000000.00,10227.83
1599782400000.00,10352.66
1599868800000.00,10395.44
1599955200000.00,10446.44
1600041600000.00,10330.77
1600128000000.00,10674.64
1600214400000.00,10785.62
1600300800000.00,10948.43
1600387200000.00,10943.89
1600473600000.00,10931.79
1600560000000.00,11081.43
1600646400000.00,10919.65
1600732800000.00,10430.46
1600819200000.00,10532.22
1600905600000.00,10234.48
1600992000000.00,10732.43
1601078400000.00,10692.84
1601164800000.00,10732.4
1601251200000.00,10774.24
1601337600000.00,10692.33
1601424000000.00,10840.8
1601510400000.00,10777.92
1601596800000.00,10619.24
1601683200000.00,10575.06
1601769600000.00,10551.77
1601856000000.00,10673.46
1601942400000.00,10788.56
1602028800000.00,10603.74
1602115200000.00,10670.8
1602201600000.00,10923.3
1602288000000.00,11063.19
1602374400000.00,11302.67
1602460800000.00,11376.61
1602547200000.00,11540.04
1602633600000.00,11428.24
1602720000000.00,11431.32
1602806400000.00,11503.73
1602892800000.00,11327.57
1602979200000.00,11366.51
1603065600000.00,11508.2
1603152000000.00,11758.16
1603238400000.00,11925.46
1603324800000.00,12831.56
1603411200000.00,12990.25
1603497600000.00,12944.52
1603584000000.00,13128.46
1603670400000.00,13036.77
1603756800000.00,13076.37
1603843200000.00,13651.47
1603929600000.00,13289
1604016000000.00,13458.66
1604102400000.00,13564.72
1604188800000.00,13810.32
1604275200000.00,13758.88
1604361600000.00,13575.17
1604448000000.00,14023.31
1604534400000.00,14155.59
1604620800000.00,15591.39
1604707200000.00,15595.77
1604793600000.00,14839.84
1604880000000.00,15490.6
1604966400000.00,15328.53
1605052800000.00,15317.04
1605139200000.00,15708.65
1605225600000.00,16295.57
1605312000000.00,16339.33
1605398400000.00,16091.07
1605484800000.00,15968.16
1605571200000.00,16725.15
1605657600000.00,17679.72
1605744000000.00,17798.45
1605830400000.00,17820.57
1605916800000.00,18687.45
1606003200000.00,18699.75
1606089600000.00,18422.28
1606176000000.00,18398.91
1606262400000.00,19172.52
1606348800000.00,18739.8
1606435200000.00,17151.44
1606521600000.00,17138.87
1606608000000.00,17732.42
1606694400000.00,18191.6
1606780800000.00,19709.73
1606867200000.00,18792.52
1606953600000.00,19226.97
1607040000000.00,19454.54
1607126400000.00,18670.49
1607212800000.00,19155.06
1607299200000.00,19377.66
1607385600000.00,19181.41
1607472000000.00,18318.87
1607558400000.00,18554.15
1607644800000.00,18247.76
1607731200000.00,18029.36
1607817600000.00,18803.44
1607904000000.00,19164.48
1607990400000.00,19276.59
1608076800000.00,19439.75
1608163200000.00,21379.48
1608249600000.00,22847.46
1608336000000.00,23150.79
1608422400000.00,23869.92
1608508800000.00,23490.58
1608595200000.00,22745.48
1608681600000.00,23824.99
1608768000000.00,23253.37
1608854400000.00,23715.53
1608940800000.00,24693.58
1609027200000.00,26443.21
1609113600000.00,26246.58
1609200000000.00,27036.69
1609286400000.00,27376.37
1609372800000.00,28856.59
1609459200000.00,28982.56
1609545600000.00,29393.75
1609632000000.00,32195.46
1609718400000.00,33000.78
1609804800000.00,32035.03
1609891200000.00,34046.67
1609977600000.00,36860.41
1610064000000.00,39486.04
1610150400000.00,40670.25
1610236800000.00,40240.72
1610323200000.00,38240.09
1610409600000.00,35544.94
1610496000000.00,34011.82
1610582400000.00,37393.13
1610668800000.00,39158.47
1610755200000.00,36828.52
1610841600000.00,36065.2
1610928000000.00,35793.01
1611014400000.00,36632.35
1611100800000.00,36020.13
1611187200000.00,35538.98
1611273600000.00,30797.88
1611360000000.00,33002.38
1611446400000.00,32099.74
1611532800000.00,32276.84
1611619200000.00,32243.26
1611705600000.00,32541.8
1611792000000.00,30419.17
1611878400000.00,33403.17
1611964800000.00,34314.26
1612051200000.00,34318.1
1612137600000.00,33136.46
1612224000000.00,33522.9
1612310400000.00,35529.66
1612396800000.00,37676.25
1612483200000.00,37002.09
1612569600000.00,38278.61
1612656000000.00,39323.26
1612742400000.00,38928.1
1612828800000.00,46364.3
1612915200000.00,46589.58
1613001600000.00,44878.17
1613088000000.00,48013.38
1613174400000.00,47471.4
1613260800000.00,47185.19
1613347200000.00,48720.37
1613433600000.00,47951.85
1613520000000.00,49160.1
1613606400000.00,52118.23
1613692800000.00,51608.15
1613779200000.00,55916.5
1613865600000.00,56001.2
1613952000000.00,57487.86
1614038400000.00,54123.4
1614124800000.00,48880.43
1614211200000.00,50624.84
1614297600000.00,46800.42
1614384000000.00,46340.31
1614470400000.00,46155.87
1614556800000.00,45113.92
1614643200000.00,49618.43
1614729600000.00,48356.04
1614816000000.00,50477.7
1614902400000.00,48448.91
1614988800000.00,48861.38
1615075200000.00,48881.59
1615161600000.00,51169.7
1615248000000.00,52299.33
1615334400000.00,54881.52
1615420800000.00,55997.23
1615507200000.00,57764
1615593600000.00,57253.28
1615680000000.00,61258.73
1615766400000.00,59133.47
1615852800000.00,55754.72
1615939200000.00,56872.38
1616025600000.00,58913
1616112000000.00,57665.9
1616198400000.00,58075.1
1616284800000.00,58085.8
1616371200000.00,57411.17
1616457600000.00,54204.96
1616544000000.00,54477.46
1616630400000.00,52508.23
1616716800000.00,51415.92
1616803200000.00,55074.47
1616889600000.00,55863.93
1616976000000.00,55783.71
1617062400000.00,57627.67
1617148800000.00,58730.13
1617235200000.00,58735.25
1617321600000.00,58736.92
1617408000000.00,59031.32
1617494400000.00,57076.49
1617580800000.00,58206.55
1617667200000.00,59054.1
1617753600000.00,58020.46
1617840000000.00,55947.27
1617926400000.00,58048.59
1618012800000.00,58102.58
1618099200000.00,59774
1618185600000.00,59964.87
1618272000000.00,59834.74
1618358400000.00,63554.44
1618444800000.00,62969.12
1618531200000.00,63252.63
1618617600000.00,61455.98
1618704000000.00,60087.09
1618790400000.00,56251.48
1618876800000.00,55703.14
1618963200000.00,56507.91
1619049600000.00,53808.8
1619136000000.00,51731.71
1619222400000.00,51153.13
1619308800000.00,50110.53
1619395200000.00,49075.58
1619481600000.00,54056.64
1619568000000.00,55071.46
1619654400000.00,54884.1
1619740800000.00,53584.15
1619827200000.00,57796.62
1619913600000.00,57857.5
1620000000000.00,56610.46
1620086400000.00,57213.33
1620172800000.00,53241.72
1620259200000.00,57473.23
1620345600000.00,56428.16
1620432000000.00,57380.27
1620518400000.00,58928.81
1620604800000.00,58280.73
1620691200000.00,55883.5
1620777600000.00,56750
1620864000000.00,49007.09
1620950400000.00,49702.27
1621036800000.00,49922.52
1621123200000.00,46736.58
1621209600000.00,46441.64
1621296000000.00,43596.24
1621382400000.00,42912.19
1621468800000.00,36964.27
1621555200000.00,40784.32
1621641600000.00,37280.35
1621728000000.00,37528.3
1621814400000.00,34754.54
1621900800000.00,38728.59
1621987200000.00,38410.5
1622073600000.00,39266.04
1622160000000.00,38445.29
1622246400000.00,35689.62
1622332800000.00,34647.67
1622419200000.00,35684.59
1622505600000.00,37310.54
1622592000000.00,36662.64
1622678400000.00,37585.24
1622764800000.00,39188.59
1622851200000.00,36885.51
1622937600000.00,35530.38
1623024000000.00,35816.17
1623110400000.00,33514.87
1623196800000.00,33450.19
1623283200000.00,37338.36
1623369600000.00,36704.57
1623456000000.00,37313.18
1623542400000.00,35494.9
1623628800000.00,39066.82
1623715200000.00,40525.8
1623801600000.00,40188.56
1623888000000.00,38324.87
1623974400000.00,38068.04
1624060800000.00,35729.82
1624147200000.00,35524.17
1624233600000.00,35592.35
1624320000000.00,31686.55
1624406400000.00,32447.59
1624492800000.00,33674.66
1624579200000.00,34639.38
1624665600000.00,31640.58
1624752000000.00,32160.91
1624838400000.00,34644.45
1624924800000.00,34456.67
1625011200000.00,35847.7
1625097600000.00,35047.36
1625184000000.00,33536.88
1625270400000.00,33856.86
1625356800000.00,34688.98
1625443200000.00,35309.3
1625529600000.00,33747.97
1625616000000.00,34211.01
1625702400000.00,33839.04
1625788800000.00,32877.41
1625875200000.00,33818.52
1625961600000.00,33515.57
1626048000000.00,34227.64
1626134400000.00,33158.25
1626220800000.00,32686.56
1626307200000.00,32814.61
1626393600000.00,31738.59
1626480000000.00,31421.25
1626566400000.00,31520.66
1626652800000.00,31783.49
1626739200000.00,30815.94
1626825600000.00,29790.24
1626912000000.00,32118.06
1626998400000.00,32297.89
1627084800000.00,33581.63
1627171200000.00,34279.34
1627257600000.00,35365.2
1627344000000.00,37318.14
1627430400000.00,39405.95
1627516800000.00,40002.53
1627603200000.00,40005.93
1627689600000.00,42214.15
1627776000000.00,41659.06
1627862400000.00,40000.46
1627948800000.00,39193.94
1628035200000.00,38138
1628121600000.00,39750.14
1628208000000.00,40882
1628294400000.00,42825.95
1628380800000.00,44634.13
1628467200000.00,43816.14
1628553600000.00,46333.46
1628640000000.00,45608.37
1628726400000.00,45611.46
1628812800000.00,44417.78
1628899200000.00,47833.98
1628985600000.00,47112.19
1629072000000.00,47056.41
1629158400000.00,45982.55
1629244800000.00,44648.57
1629331200000.00,44777.86
1629417600000.00,46734.65
1629504000000.00,49327.75
1629590400000.00,48932.02
1629676800000.00,49335.68
1629763200000.00,49523.5
1629849600000.00,47744.58
1629936000000.00,48972.09
1630022400000.00,46962.8
1630108800000.00,49056.86
1630195200000.00,48897.65
1630281600000.00,48806.78
1630368000000.00,47074.77
1630454400000.00,47155.87
1630540800000.00,48862.76
1630627200000.00,49329.01
1630713600000.00,50035.33
1630800000000.00,49947.38
1630886400000.00,51769.06
1630972800000.00,52677.4
1631059200000.00,46809.17
1631145600000.00,46078.38
1631232000000.00,46368.69
1631318400000.00,44847.48
1631404800000.00,45144.79
1631491200000.00,46059.12
1631577600000.00,44968.76
1631664000000.00,47072.12
1631750400000.00,48167.85
1631836800000.00,47785.26
1631923200000.00,47263.6
1632009600000.00,48259.45
1632096000000.00,47249.38
1632182400000.00,42901.56
1632268800000.00,40619.27
1632355200000.00,43604.76
1632441600000.00,44888.96
1632528000000.00,42815.56
1632614400000.00,42742.01
1632700800000.00,43182.63
1632787200000.00,42238.2
1632873600000.00,41011.16
1632960000000.00,41522.38
1633046400000.00,43757.81
1633132800000.00,48140.11
1633219200000.00,47727.1
1633305600000.00,48205.72
1633392000000.00,49143.95
1633478400000.00,51505.83
1633564800000.00,55343.76
1633651200000.00,53801.1
1633737600000.00,53867.3
1633824000000.00,55122.59
1633910400000.00,54625.74
1633996800000.00,57452.01
1634083200000.00,56242.94
1634169600000.00,57406.69
1634256000000.00,57397.74
1634342400000.00,61641.17
1634428800000.00,60948.78
1634515200000.00,61546.21
1634601600000.00,61971.59
1634688000000.00,64287.64
1634774400000.00,66063.56
1634860800000.00,62354.86
1634947200000.00,60697.06
1635033600000.00,61277.28
1635120000000.00,60884.18
1635206400000.00,63070.54
1635292800000.00,60345.17
1635379200000.00,58538.49
1635465600000.00,60587.09
1635552000000.00,62249.18
1635638400000.00,61731.29
1635724800000.00,61373.44
1635811200000.00,61029.5
1635897600000.00,63241.11
1635984000000.00,62954.86
1636070400000.00,61441.83
1636156800000.00,61072.32
1636243200000.00,61516.31
1636329600000.00,63293.22
1636416000000.00,67562.17
1636502400000.00,66954.11
1636588800000.00,64976.73
1636675200000.00,64838.81
1636761600000.00,64254.67
1636848000000.00,64420.94
1636934400000.00,65468.75
1637020800000.00,63584.25
1637107200000.00,60172.26
1637193600000.00,60381.35
1637280000000.00,56921.34
1637366400000.00,58133.02
1637452800000.00,59777.98
1637539200000.00,58755.9
1637625600000.00,56301.52
1637712000000.00,57578.22
1637798400000.00,57187.54
1637884800000.00,58935.45
1637971200000.00,53588.21
1638057600000.00,54801.15
1638144000000.00,57292.28
1638230400000.00,57828.45
1638316800000.00,57025.79
1638403200000.00,57229.76
1638489600000.00,56508.48
1638576000000.00,53713.84
1638662400000.00,49253.86
1638748800000.00,49380.43
1638835200000.00,50564.63
1638921600000.00,50645.41
1639008000000.00,50511.12
1639094400000.00,47659.68
1639180800000.00,47137.46
1639267200000.00,49379.67
1639353600000.00,50117.25
1639440000000.00,46757.09
1639526400000.00,48392.79
1639612800000.00,48884.66
1639699200000.00,47658.38
1639785600000.00,46173.51
1639872000000.00,46863.67
1639958400000.00,46689.28
1640044800000.00,46910.13
1640131200000.00,48934.57
1640217600000.00,48628.35
1640304000000.00,50785.69
1640390400000.00,50814.92
1640476800000.00,50470.89
1640563200000.00,50801.11
1640649600000.00,50692.3
1640736000000.00,47601.26
1640822400000.00,46408.87
1640908800000.00,47132.96
1640995200000.00,46249.56
1641081600000.00,47763.33
1641168000000.00,47327.87
1641254400000.00,46441.99
1641340800000.00,45862.98
1641427200000.00,43436.17
1641513600000.00,43120.63
1641600000000.00,41528.04
1641686400000.00,41690.93
1641772800000.00,41864.44
1641859200000.00,41849
1641945600000.00,42723.37
1642032000000.00,43926
1642118400000.00,42546.44
1642204800000.00,43099.37
1642291200000.00,43146.53
1642377600000.00,43102.44
1642464000000.00,42248.35
1642550400000.00,42381.48
1642636800000.00,41707.85
1642723200000.00,40684.42
1642809600000.00,36480.85
1642896000000.00,35071.43
1642982400000.00,36280.82
1643068800000.00,36678.82
1643155200000.00,36948.81
1643241600000.00,36823.5
1643328000000.00,37146.85
1643414400000.00,37770.15
1643500800000.00,38186.49
1643587200000.00,37918.62
1643673600000.00,38521.79
1643760000000.00,38739.74
1643846400000.00,36912.68
1643932800000.00,37092.4
1644019200000.00,41584.19
1644105600000.00,41435.43
1644192000000.00,42450.98
1644278400000.00,43834.02
1644364800000.00,44133.28
1644451200000.00,44397.3
1644537600000.00,43531.11
1644624000000.00,42401.27
1644710400000.00,42245.56
1644796800000.00,42104.89
1644883200000.00,42580.94
1644969600000.00,44536.2
1645056000000.00,43948.81
1645142400000.00,40565.69
1645228800000.00,40014.55
1645315200000.00,40115.05
1645401600000.00,38382.32
1645488000000.00,37031.08
1645574400000.00,38262.17
1645660800000.00,37291.48
1645747200000.00,38344.78
1645833600000.00,39222.6
1645920000000.00,39103.91
1646006400000.00,37704.56
1646092800000.00,43226.36
1646179200000.00,44418.83
1646265600000.00,43934.85
1646352000000.00,42464.4
1646438400000.00,39141.25
1646524800000.00,39399.58
1646611200000.00,38407.69
1646697600000.00,38032.5
1646784000000.00,38753.1
1646870400000.00,41956.53
1646956800000.00,39437.89
1647043200000.00,38741.04
1647129600000.00,38809.18
1647216000000.00,37820.39
1647302400000.00,39680.6
1647388800000.00,39320.82
1647475200000.00,41133.08
1647561600000.00,40946.78
1647648000000.00,41795.77
1647734400000.00,42222.32
1647820800000.00,41250.83
1647907200000.00,41071.41
1647993600000.00,42372.67
1648080000000.00,42905.06
1648166400000.00,44004.47
1648252800000.00,44334.33
1648339200000.00,44542.39
1648425600000.00,46858.53
1648512000000.00,47115.93
1648598400000.00,47448.01
1648684800000.00,47064.16
1648771200000.00,45539.22
1648857600000.00,46282.56
1648944000000.00,45825.36
1649030400000.00,46425.52
1649116800000.00,46611.26
1649203200000.00,45508.16
1649289600000.00,43190.18
1649376000000.00,43464.32
1649462400000.00,42278.94
1649548800000.00,42787.69
1649635200000.00,42144.23
1649721600000.00,39488.62
1649808000000.00,40102.2
1649894400000.00,41148.06
1649980800000.00,39939.9
1650067200000.00,40566.2
1650153600000.00,40388.78
1650240000000.00,39711.45
1650326400000.00,40805.72
1650412800000.00,41507.3
1650499200000.00,41375.79
1650585600000.00,40514.01
1650672000000.00,39727.65
1650758400000.00,39429.01
1650844800000.00,39465.57
1650931200000.00,40472.7
1651017600000.00,38114.94
1651104000000.00,39249.28
1651190400000.00,39770.04
1651276800000.00,38596.28
1651363200000.00,37661.19
1651449600000.00,38475.48
1651536000000.00,38510.65
1651622400000.00,37727.19
1651708800000.00,39674.89
1651795200000.00,36549.9
1651881600000.00,36013.03
1651968000000.00,35471.42
1652054400000.00,34082.21
1652140800000.00,30175.71
1652227200000.00,31003.93
1652313600000.00,28907.15
1652400000000.00,28931.14
1652486400000.00,29234.06
1652572800000.00,30074.61
1652659200000.00,31277.43
1652745600000.00,29834.09
1652832000000.00,30406.69
1652918400000.00,28680.97
1653004800000.00,30289.87
1653091200000.00,29159.5
1653177600000.00,29409.92
1653264000000.00,30278.94
1653350400000.00,29074.33
1653436800000.00,29634.57
1653523200000.00,29518.59
1653609600000.00,29193.92
1653696000000.00,28578.89
1653782400000.00,29013.69
1653868800000.00,29448.74
1653955200000.00,31715.58
1654041600000.00,31776.27
1654128000000.00,29780.81
1654214400000.00,30429.88
1654300800000.00,29681.76
1654387200000.00,29845.23
1654473600000.00,29901.35
1654560000000.00,31349.82
1654646400000.00,31117.83
1654732800000.00,30189.25
1654819200000.00,30083.46
1654905600000.00,29059.41
1654992000000.00,28344.5
1655078400000.00,26593.3
1655164800000.00,22431.22
1655251200000.00,22189.29
1655337600000.00,22550.79
1655424000000.00,20350.48
1655510400000.00,20434.75
1655596800000.00,18977.51
1655683200000.00,20540.38
1655769600000.00,20582.29
1655856000000.00,20703.51
1655942400000.00,19953.71
1656028800000.00,21088.3
1656115200000.00,21194.68
1656201600000.00,21481.38
1656288000000.00,21020.04
1656374400000.00,20702.23
1656460800000.00,20256.61
1656547200000.00,20085.93
1656633600000.00,19865.7
1656720000000.00,19226.7
1656806400000.00,19224.75
1656892800000.00,19288.97
1656979200000.00,20208.45
1657065600000.00,20181.91
1657152000000.00,20545.61
1657238400000.00,21633.44
1657324800000.00,21636.45
1657411200000.00,21582.6
1657497600000.00,20834.61
1657584000000.00,19946.31
1657670400000.00,19292.99
1657756800000.00,20223.69
1657843200000.00,20568.9
1657929600000.00,20835.61
1658016000000.00,21197.1
1658102400000.00,20774.23
1658188800000.00,22538.08
1658275200000.00,23403.29
1658361600000.00,23227.22
1658448000000.00,23154.09
1658534400000.00,22687.08
1658620800000.00,22461.7
1658707200000.00,22582.4
1658793600000.00,21300.72
1658880000000.00,21267.33
1658966400000.00,22950.29
1659052800000.00,23856.25
1659139200000.00,23792
1659225600000.00,23647.99
1659312000000.00,23326.49
1659398400000.00,23298.94
1659484800000.00,22981.77
1659571200000.00,22831.85
1659657600000.00,22608.3
1659744000000.00,23295.14
1659830400000.00,22947.19
1659916800000.00,23174.25
1660003200000.00,23816.32
1660089600000.00,23156.31
1660176000000.00,23959.92
1660262400000.00,23953.77
1660348800000.00,24418.38
1660435200000.00,24447.13
1660521600000.00,24314.89
1660608000000.00,24096.19
1660694400000.00,23876.29
1660780800000.00,23332.09
1660867200000.00,23193.99
1660953600000.00,20843.22
1661040000000.00,21150.33
1661126400000.00,21520.51
1661212800000.00,21402.93
1661299200000.00,21516.02
1661385600000.00,21377.51
1661472000000.00,21597.93
1661558400000.00,20233.32
1661644800000.00,20035.59
1661731200000.00,19550.07
1661817600000.00,20290.41
1661904000000.00,19793.02
1661990400000.00,20047.68
1662076800000.00,20130.52
1662163200000.00,19952.91
1662249600000.00,19834.94
1662336000000.00,19994.65
1662422400000.00,19789.87
1662508800000.00,18806.7
1662595200000.00,19280.08
1662681600000.00,19327.53
1662768000000.00,21387.58
1662854400000.00,21673.03
1662940800000.00,21794.52
1663027200000.00,22392.71
1663113600000.00,20172.56
1663200000000.00,20219.55
1663286400000.00,19694.69
1663372800000.00,19787.61
1663459200000.00,20122.71
1663545600000.00,19415.86
1663632000000.00,19542.2
1663718400000.00,18879.96
1663804800000.00,18507.36
1663891200000.00,19408.63
1663977600000.00,19280.58
1664064000000.00,18931.79
1664150400000.00,18807.71
1664236800000.00,19227.26
1664323200000.00,19104.89
1664409600000.00,19530.71
1664496000000.00,19598.86
1664582400000.00,19427.2
1664668800000.00,19314.69
1664755200000.00,19049.72
1664841600000.00,19632.61
1664928000000.00,20342.25
1665014400000.00,20167.79
1665100800000.00,19956.49
1665187200000.00,19544.82
1665273600000.00,19417.73
1665360000000.00,19441.88
1665446400000.00,19132.52
1665532800000.00,19049.64
1665619200000.00,19156.21
1665705600000.00,19383.33
1665792000000.00,19184.71
1665878400000.00,19063.1
1665964800000.00,19265.53
1666051200000.00,19548.97
1666137600000.00,19330.74
1666224000000.00,19125.65
1666310400000.00,19046.83
1666396800000.00,19171.34
1666483200000.00,19205.45
1666569600000.00,19565.91
1666656000000.00,19338.9
1666742400000.00,20101.27
1666828800000.00,20772.36
1666915200000.00,20288.52
1667001600000.00,20601.63
1667088000000.00,20816.16
1667174400000.00,20628.5
1667260800000.00,20499.29
1667347200000.00,20486.26
1667433600000.00,20153.99
1667520000000.00,20208.16
1667606400000.00,21152.93
1667692800000.00,21292.67
1667779200000.00,20920.33
1667865600000.00,20598.44
1667952000000.00,18540.11
1668038400000.00,15856.95
1668124800000.00,17550.23
1668211200000.00,16990.26
1668297600000.00,16776.4
1668384000000.00,16310.3
1668470400000.00,16587.96
